--POPULATE DATA--

INSERT INTO LOAIHANG VALUES ('LHA','NUOC CHAM');
INSERT INTO LOAIHANG VALUES ('LHB','THUC PHAM DONG LANH');
INSERT INTO LOAIHANG VALUES ('LHC','TRA');
INSERT INTO LOAIHANG VALUES ('LHD','KHO');

INSERT INTO KHUVUC VALUES ('HCM','TP HO CHI MINH');
INSERT INTO KHUVUC VALUES ('SCL','DONG BANG SONG CUU LONG');
INSERT INTO KHUVUC VALUES ('TBB','TAY BAC BO');
INSERT INTO KHUVUC VALUES ('BTB','BAC TRUNG BO');

INSERT INTO CHIETKHAU VALUES ('HCM','LHA',10);
INSERT INTO CHIETKHAU VALUES ('HCM','LHB',15);
INSERT INTO CHIETKHAU VALUES ('HCM','LHC',15);
INSERT INTO CHIETKHAU VALUES ('HCM','LHD',9);
INSERT INTO CHIETKHAU VALUES ('SCL','LHA',10);
INSERT INTO CHIETKHAU VALUES ('SCL','LHB',15);
INSERT INTO CHIETKHAU VALUES ('SCL','LHC',15);
INSERT INTO CHIETKHAU VALUES ('SCL','LHD',9);
INSERT INTO CHIETKHAU VALUES ('TBB','LHA',12);
INSERT INTO CHIETKHAU VALUES ('TBB','LHB',10);
INSERT INTO CHIETKHAU VALUES ('TBB','LHC',8);
INSERT INTO CHIETKHAU VALUES ('TBB','LHD',12);
INSERT INTO CHIETKHAU VALUES ('BTB','LHA',20);
INSERT INTO CHIETKHAU VALUES ('BTB','LHB',25);
INSERT INTO CHIETKHAU VALUES ('BTB','LHC',10);
INSERT INTO CHIETKHAU VALUES ('BTB','LHD',5);

INSERT INTO MATHANG VALUES ('TUOT001','TUONG OT',1000,'KG','RAT CAY','LHA');
INSERT INTO MATHANG VALUES ('TUCA001','TUONG CA',1200,'KG','AN CHAY','LHA');
INSERT INTO MATHANG VALUES ('CHGI001','CHA GIO',5000,'KG','HANG NHAT','LHB');
INSERT INTO MATHANG VALUES ('TRXA001','TRA XANH',2000,'KG','DAKLAK','LHC');
INSERT INTO MATHANG VALUES ('TRLA001','TRA LA',200,'KG','TAY NGUYEN','LHC');
INSERT INTO MATHANG VALUES ('KHBO001','KHO BO', 5000,'KG','LOAI NGON','LHD');

INSERT INTO GIAMH VALUES ('TUOT001',TO_DATE('15-07-2021','DD-MM-YYYY'),20000);
INSERT INTO GIAMH VALUES ('TUCA001',TO_DATE('15-07-2021','DD-MM-YYYY'),20000);
INSERT INTO GIAMH VALUES ('CHGI001',TO_DATE('15-07-2021','DD-MM-YYYY'),180000);
INSERT INTO GIAMH VALUES ('TRXA001',TO_DATE('15-07-2021','DD-MM-YYYY'),120000);
INSERT INTO GIAMH VALUES ('TRLA001',TO_DATE('15-07-2021','DD-MM-YYYY'),150000);
INSERT INTO GIAMH VALUES ('KHBO001',TO_DATE('15-07-2021','DD-MM-YYYY'),800000);
INSERT INTO GIAMH VALUES ('TUOT001',TO_DATE('15-08-2021','DD-MM-YYYY'),20000);
INSERT INTO GIAMH VALUES ('TUCA001',TO_DATE('15-08-2021','DD-MM-YYYY'),20000);
INSERT INTO GIAMH VALUES ('CHGI001',TO_DATE('15-08-2021','DD-MM-YYYY'),180000);
INSERT INTO GIAMH VALUES ('TRXA001',TO_DATE('15-08-2021','DD-MM-YYYY'),120000);
INSERT INTO GIAMH VALUES ('TRLA001',TO_DATE('15-08-2021','DD-MM-YYYY'),130000);
INSERT INTO GIAMH VALUES ('KHBO001',TO_DATE('15-08-2021','DD-MM-YYYY'),800000);
INSERT INTO GIAMH(MSMH,GIA) VALUES ('TUOT001',20000);
INSERT INTO GIAMH(MSMH,GIA) VALUES ('TUCA001',18000);
INSERT INTO GIAMH(MSMH,GIA) VALUES ('CHGI001',200000);
INSERT INTO GIAMH(MSMH,GIA) VALUES ('TRXA001',120000);
INSERT INTO GIAMH(MSMH,GIA) VALUES ('TRLA001',140000);
INSERT INTO GIAMH(MSMH,GIA) VALUES ('KHBO001',800000);

INSERT INTO KHACHHANG VALUES('DL1','CUA HANG A','111222333','171 NGUYEN VAN LINH, BINH CHANH, HO CHI MINH','0123456789','NO','HCM');
INSERT INTO KHACHHANG VALUES('DL2','CUA HANG B','444555666','72 NGUYEN HUE, VINH LONG','1234567890123','NO','SCL');
INSERT INTO KHACHHANG VALUES('DL3','CUA HANG E','222333444','81 NGUYEN HUE, VINH LONG','0321485689942','NO','SCL');
INSERT INTO KHACHHANG VALUES('KS1','SIEU THI A','777888999','35 MUONG THANH, DIEN BIEN','1123456789','YES','TBB');
INSERT INTO KHACHHANG VALUES('KS2','NGUYEN VAN A','224466889','10 DONG THANH, DONG SON, THANH HOA','4567891230','YES','BTB');
INSERT INTO KHACHHANG VALUES('KS3','CUA HANG C','323323456','23 TRAN HUNG DAO, QUAN 5, HO CHI MINH','5678901234','YES','HCM');
INSERT INTO KHACHHANG VALUES('KS4','CUA HANG D','789789654','150 VO VAN KIET, TX VUNG LIEM, VINH LONG','6789012345','YES','SCL');
INSERT INTO KHACHHANG VALUES('KS5','CUA HANG F','242757674','11 VÕ VĂN TẦN, TX VUNG LIEM, VINH LONG','7890123456','YES','SCL');

INSERT INTO DIENTHOAIKH VALUES('DL1','0901234567');
INSERT INTO DIENTHOAIKH VALUES('DL2','0903456789');
INSERT INTO DIENTHOAIKH VALUES('DL3','0905678910');
INSERT INTO DIENTHOAIKH VALUES('KS1','0904567890');
INSERT INTO DIENTHOAIKH VALUES('KS2','09056789012');
INSERT INTO DIENTHOAIKH VALUES('KS3','08612312323');
INSERT INTO DIENTHOAIKH VALUES('KS4','08678978999');
INSERT INTO DIENTHOAIKH VALUES('KS5','01234548878');

INSERT INTO KHACHHANGSI VALUES('KS1',100000000,0);
INSERT INTO KHACHHANGSI VALUES('KS2',50000000,20000000);
INSERT INTO KHACHHANGSI VALUES('KS3',20000000,5000000);
INSERT INTO KHACHHANGSI VALUES('KS4',40000000,30000000);
INSERT INTO KHACHHANGSI VALUES('KS5',10000000,9500000);

INSERT INTO HOPDONGDL VALUES('HD101',TO_DATE('02-02-2010','DD-MM-YYYY'),TO_DATE('02-02-2015','DD-MM-YYYY'),'DL1');
INSERT INTO HOPDONGDL VALUES('HD102',TO_DATE('02-02-2015','DD-MM-YYYY'),TO_DATE('02-02-2020','DD-MM-YYYY'),'DL1');
INSERT INTO HOPDONGDL VALUES('HD103',TO_DATE('02-02-2020','DD-MM-YYYY'),TO_DATE('02-02-2025','DD-MM-YYYY'),'DL1');
INSERT INTO HOPDONGDL VALUES('HD201',TO_DATE('05-06-2012','DD-MM-YYYY'),TO_DATE('02-02-2018','DD-MM-YYYY'),'DL2');
INSERT INTO HOPDONGDL VALUES('HD202',TO_DATE('05-06-2016','DD-MM-YYYY'),TO_DATE('02-02-2022','DD-MM-YYYY'),'DL2');
INSERT INTO HOPDONGDL VALUES('HD301',TO_DATE('05-06-2010','DD-MM-YYYY'),TO_DATE(SYSDATE+15,'DD-MM-YYYY'),'DL3');
INSERT INTO HOPDONGDL VALUES('HD302',TO_DATE('05-07-2010','DD-MM-YYYY'),TO_DATE(SYSDATE+20,'DD-MM-YYYY'),'DL3');

INSERT INTO DONDATHANG(NGAYDH,MSKH) VALUES(TO_DATE('15-07-2021','DD-MM-YYYY'),'DL1');
INSERT INTO DONDATHANG(NGAYDH,MSKH) VALUES(TO_DATE('15-07-2021','DD-MM-YYYY'),'DL2');
INSERT INTO DONDATHANG(NGAYDH,MSKH) VALUES(TO_DATE('15-07-2021','DD-MM-YYYY'),'KS1');
INSERT INTO DONDATHANG(NGAYDH,MSKH) VALUES(TO_DATE('15-07-2021','DD-MM-YYYY'),'KS2');
INSERT INTO DONDATHANG(NGAYDH,MSKH) VALUES(TO_DATE('15-08-2021','DD-MM-YYYY'),'DL1');
INSERT INTO DONDATHANG(NGAYDH,MSKH) VALUES(TO_DATE('15-08-2021','DD-MM-YYYY'),'DL1');
INSERT INTO DONDATHANG(NGAYDH,MSKH) VALUES(TO_DATE('15-08-2021','DD-MM-YYYY'),'DL1');
INSERT INTO DONDATHANG(NGAYDH,MSKH) VALUES(TO_DATE('15-08-2021','DD-MM-YYYY'),'DL2');
INSERT INTO DONDATHANG(NGAYDH,MSKH) VALUES(TO_DATE('15-08-2021','DD-MM-YYYY'),'DL2');
INSERT INTO DONDATHANG(NGAYDH,MSKH) VALUES(TO_DATE('15-08-2021','DD-MM-YYYY'),'KS3');
INSERT INTO DONDATHANG(NGAYDH,MSKH) VALUES(TO_DATE('15-08-2021','DD-MM-YYYY'),'KS4');

INSERT INTO CHITIETDONDATHANG VALUES('210715/0001','TUOT001',200,0);
INSERT INTO CHITIETDONDATHANG VALUES('210715/0001','TUCA001',300,0);
INSERT INTO CHITIETDONDATHANG VALUES('210715/0001','CHGI001',500,0);
INSERT INTO CHITIETDONDATHANG VALUES('210715/0002','TUCA001',100,0);
INSERT INTO CHITIETDONDATHANG VALUES('210715/0002','CHGI001',300,0);
INSERT INTO CHITIETDONDATHANG VALUES('210715/0002','TRXA001',250,0);
INSERT INTO CHITIETDONDATHANG VALUES('210715/0003','CHGI001',50,0);
INSERT INTO CHITIETDONDATHANG VALUES('210715/0004','TRXA001',50,0);
INSERT INTO CHITIETDONDATHANG VALUES('210815/0005','TUOT001',100,0);
INSERT INTO CHITIETDONDATHANG VALUES('210815/0006','TUOT001',50,0);
INSERT INTO CHITIETDONDATHANG VALUES('210815/0006','TUCA001',50,0);
INSERT INTO CHITIETDONDATHANG VALUES('210815/0007','CHGI001',500,0);
INSERT INTO CHITIETDONDATHANG VALUES('210815/0007','TRXA001',100,0);
INSERT INTO CHITIETDONDATHANG VALUES('210815/0008','TUCA001',150,0);
INSERT INTO CHITIETDONDATHANG VALUES('210815/0008','CHGI001',350,0);
INSERT INTO CHITIETDONDATHANG VALUES('210815/0009','CHGI001',500,0);
INSERT INTO CHITIETDONDATHANG VALUES('210815/0009','KHBO001',500,0);
INSERT INTO CHITIETDONDATHANG VALUES('210815/0010','TRLA001',100,0);
INSERT INTO CHITIETDONDATHANG VALUES('210815/0010','KHBO001',100,0);
INSERT INTO CHITIETDONDATHANG VALUES('210815/0011','KHBO001',200,0);

INSERT INTO PHIEUGIAO(NGAYGIAO,MSDH) VALUES (TO_DATE('16-07-2021','DD-MM-YYYY'),'210715/0001');
INSERT INTO PHIEUGIAO(NGAYGIAO,MSDH) VALUES (TO_DATE('16-07-2021','DD-MM-YYYY'),'210715/0001');
INSERT INTO PHIEUGIAO(NGAYGIAO,MSDH) VALUES (TO_DATE('16-07-2021','DD-MM-YYYY'),'210715/0002');
INSERT INTO PHIEUGIAO(NGAYGIAO,MSDH) VALUES (TO_DATE('16-07-2021','DD-MM-YYYY'),'210715/0002');
INSERT INTO PHIEUGIAO(NGAYGIAO,MSDH) VALUES (TO_DATE('18-07-2021','DD-MM-YYYY'),'210715/0003');
INSERT INTO PHIEUGIAO(NGAYGIAO,MSDH) VALUES (TO_DATE('18-07-2021','DD-MM-YYYY'),'210715/0004');
INSERT INTO PHIEUGIAO(NGAYGIAO,MSDH) VALUES (TO_DATE('16-08-2021','DD-MM-YYYY'),'210815/0005');
INSERT INTO PHIEUGIAO(NGAYGIAO,MSDH) VALUES (TO_DATE('16-08-2021','DD-MM-YYYY'),'210815/0006');
INSERT INTO PHIEUGIAO(NGAYGIAO,MSDH) VALUES (TO_DATE('16-08-2021','DD-MM-YYYY'),'210815/0007');
INSERT INTO PHIEUGIAO(NGAYGIAO,MSDH) VALUES (TO_DATE('16-08-2021','DD-MM-YYYY'),'210815/0007');
INSERT INTO PHIEUGIAO(NGAYGIAO,MSDH) VALUES (TO_DATE('16-08-2021','DD-MM-YYYY'),'210815/0008');
INSERT INTO PHIEUGIAO(NGAYGIAO,MSDH) VALUES (TO_DATE('16-08-2021','DD-MM-YYYY'),'210815/0009');
INSERT INTO PHIEUGIAO(NGAYGIAO,MSDH) VALUES (TO_DATE('16-08-2021','DD-MM-YYYY'),'210815/0009');
INSERT INTO PHIEUGIAO(NGAYGIAO,MSDH) VALUES (TO_DATE('18-08-2021','DD-MM-YYYY'),'210815/0010');
INSERT INTO PHIEUGIAO(NGAYGIAO,MSDH) VALUES (TO_DATE('18-08-2021','DD-MM-YYYY'),'210815/0011');

INSERT INTO CHITIETPHIEUGIAO VALUES ('210716/0001','TUOT001',200,20000);
INSERT INTO CHITIETPHIEUGIAO VALUES ('210716/0001','TUCA001',300,20000);
INSERT INTO CHITIETPHIEUGIAO VALUES ('210716/0002','CHGI001',500,180000);
INSERT INTO CHITIETPHIEUGIAO VALUES ('210716/0003','CHGI001',300,180000);
INSERT INTO CHITIETPHIEUGIAO VALUES ('210716/0003','TUCA001',100,20000);
INSERT INTO CHITIETPHIEUGIAO VALUES ('210716/0004','TRXA001',250,120000);
INSERT INTO CHITIETPHIEUGIAO VALUES ('210718/0005','CHGI001',50,180000);
INSERT INTO CHITIETPHIEUGIAO VALUES ('210718/0006','TRXA001',50,120000);

INSERT INTO CHITIETPHIEUGIAO VALUES ('210816/0007','TUOT001',100,20000);
INSERT INTO CHITIETPHIEUGIAO VALUES ('210816/0008','TUOT001',50,20000);
INSERT INTO CHITIETPHIEUGIAO VALUES ('210816/0008','TUCA001',50,20000);
INSERT INTO CHITIETPHIEUGIAO VALUES ('210816/0009','CHGI001',500,180000);
INSERT INTO CHITIETPHIEUGIAO VALUES ('210816/0010','TRXA001',100,120000);

INSERT INTO CHITIETPHIEUGIAO VALUES ('210816/0011','TUCA001',150,20000);
INSERT INTO CHITIETPHIEUGIAO VALUES ('210816/0011','CHGI001',150,180000);
INSERT INTO CHITIETPHIEUGIAO VALUES ('210816/0012','CHGI001',300,180000);
INSERT INTO CHITIETPHIEUGIAO VALUES ('210816/0013','KHBO001',500,800000);

INSERT INTO CHITIETPHIEUGIAO VALUES ('210818/0014','TRLA001',50,130000);
INSERT INTO CHITIETPHIEUGIAO VALUES ('210818/0014','KHBO001',50,800000);

INSERT INTO CHITIETPHIEUGIAO VALUES ('210818/0015','KHBO001',200,800000);

COMMIT;








