--POPULATE DATA --

-- 3 LOAI HANG --
INSERT INTO LOAIHANG VALUES ('LHA', 'THỦY SẢN ĐÔNG LẠNH');
INSERT INTO LOAIHANG VALUES ('LHB', 'KHÔ');
INSERT INTO LOAIHANG VALUES ('LHC', 'NƯỚC CHẤM');

-- 3 KHU VUC --
INSERT INTO KHUVUC VALUES ('HCM', 'TP HỒ CHÍ MINH');
INSERT INTO KHUVUC VALUES ('SCL', 'ĐỒNG BẰNG SÔNG CỬU LONG');
INSERT INTO KHUVUC VALUES ('DNA', 'ĐỒNG NAI');

-- CHIET KHAU --
INSERT INTO CHIETKHAU VALUES ('HCM', 'LHA', 10);
INSERT INTO CHIETKHAU VALUES ('HCM', 'LHB', 15);
INSERT INTO CHIETKHAU VALUES ('HCM', 'LHC', 15);
INSERT INTO CHIETKHAU VALUES ('SCL', 'LHA', 8);
INSERT INTO CHIETKHAU VALUES ('SCL', 'LHB', 10);
INSERT INTO CHIETKHAU VALUES ('SCL', 'LHC', 15);
INSERT INTO CHIETKHAU VALUES ('DNA', 'LHA', 8);
INSERT INTO CHIETKHAU VALUES ('DNA', 'LHB', 10);
INSERT INTO CHIETKHAU VALUES ('DNA', 'LHC', 10);

-- MATHANG --
INSERT INTO MATHANG VALUES ('TOXU001', 'TÔM XÚ L1', 1000, 'KG', 'LOẠI 1', 'LHA');
INSERT INTO MATHANG VALUES ('TOXU002', 'TÔM XÚ L2', 1000, 'KG', 'LOẠI 2', 'LHA');
INSERT INTO MATHANG VALUES ('TOCA001', 'TÔM CÀNG XANH L1', 2000, 'KG', 'LOẠI 1', 'LHA');
INSERT INTO MATHANG VALUES ('TOCA002', 'TÔM CÀNG XANH L2', 2000, 'KG', 'LOẠI 2', 'LHA');
INSERT INTO MATHANG VALUES ('CATR001', 'CÁ TRA', 10000, 'KG', 'LOẠI 1', 'LHA');
INSERT INTO MATHANG VALUES ('ROPH001', 'CÁ RÔ PHI', 12000, 'KG', 'LOẠI 1', 'LHA');
INSERT INTO MATHANG VALUES ('CALO001', 'CÁ LÓC NUÔI', 10000, 'KG', 'LOẠI 1', 'LHA');
INSERT INTO MATHANG VALUES ('LUON001', 'LƯƠNG L1', 5000, 'KG', 'LOẠI 1', 'LHA');
INSERT INTO MATHANG VALUES ('LUON002', 'LƯƠNG L2', 5000, 'KG', 'LOẠI 2', 'LHA');
INSERT INTO MATHANG VALUES ('ECHN001', 'ẾCH NUÔI', 5000, 'KG', 'LOẠI 1', 'LHA');
INSERT INTO MATHANG VALUES ('CADI001', 'CÁ ĐIÊU HỒNG', 20000, 'KG', 'LOẠI 1', 'LHA');
INSERT INTO MATHANG VALUES ('CATH001', 'CÁ THU', 20000, 'KG', 'LOẠI 1', 'LHA');
INSERT INTO MATHANG VALUES ('CUGA001', 'CUA GẠCH', 3000, 'KG', 'LOẠI 1', 'LHA');
INSERT INTO MATHANG VALUES ('MUTU001', 'MỰC TƯƠI L1', 20000, 'KG', 'LOẠI 1', 'LHA');
INSERT INTO MATHANG VALUES ('MUTU002', 'MỰC TƯƠI L2', 20000, 'KG', 'LOẠI 2', 'LHA');

INSERT INTO MATHANG VALUES ('KHCV001', 'KHÔ CÁ CHỈ VÀNG L1', 5000, 'KG', 'HÌNH BÔNG HOA', 'LHB');
INSERT INTO MATHANG VALUES ('KHCV002', 'KHÔ CÁ CHỈ VÀNG L2', 5000, 'KG', '1 NẮNG', 'LHB');
INSERT INTO MATHANG VALUES ('KHDN001', 'KHÔ CÁ ĐUỐI NHỎ', 5000, 'KG', 'TẨM GIA VỊ', 'LHB');
INSERT INTO MATHANG VALUES ('KHDL001', 'KHÔ CÁ ĐUỐI LỚN', 5000, 'KG', 'KHÔNG TẨM GIA VỊ', 'LHB');

INSERT INTO MATHANG VALUES ('MAMH001', 'MẮM HƯƠNG VIỆT LỚN', 20000, 'CHAI', 'LỚN 800ML', 'LHC');
INSERT INTO MATHANG VALUES ('MAMH002', 'MẮM HƯƠNG VIỆT NHỎ', 20000, 'CHAI', 'NHỎ 500ML', 'LHC');

-- GIA MATHANG --
--<NGAY 02/08/2021>--
INSERT INTO GIAMH VALUES ('TOXU001', TO_DATE('02-08-2021', 'DD-MM-YYYY'), 400000);
INSERT INTO GIAMH VALUES ('TOXU002', TO_DATE('02-08-2021', 'DD-MM-YYYY'), 320000);
INSERT INTO GIAMH VALUES ('TOCA001', TO_DATE('02-08-2021', 'DD-MM-YYYY'), 530000);
INSERT INTO GIAMH VALUES ('TOCA002', TO_DATE('02-08-2021', 'DD-MM-YYYY'), 430000);
INSERT INTO GIAMH VALUES ('CATR001', TO_DATE('02-08-2021', 'DD-MM-YYYY'), 23000);
INSERT INTO GIAMH VALUES ('ROPH001', TO_DATE('02-08-2021', 'DD-MM-YYYY'), 32000);
INSERT INTO GIAMH VALUES ('CALO001', TO_DATE('02-08-2021', 'DD-MM-YYYY'), 34000);
INSERT INTO GIAMH VALUES ('LUON001', TO_DATE('02-08-2021', 'DD-MM-YYYY'), 150000);
INSERT INTO GIAMH VALUES ('LUON002', TO_DATE('02-08-2021', 'DD-MM-YYYY'), 130000);
INSERT INTO GIAMH VALUES ('ECHN001', TO_DATE('02-08-2021', 'DD-MM-YYYY'), 30000);
INSERT INTO GIAMH VALUES ('CADI001', TO_DATE('02-08-2021', 'DD-MM-YYYY'), 33000);
INSERT INTO GIAMH VALUES ('CATH001', TO_DATE('02-08-2021', 'DD-MM-YYYY'), 120000);
INSERT INTO GIAMH VALUES ('CUGA001', TO_DATE('02-08-2021', 'DD-MM-YYYY'), 300000);
INSERT INTO GIAMH VALUES ('MUTU001', TO_DATE('02-08-2021', 'DD-MM-YYYY'), 120000);
INSERT INTO GIAMH VALUES ('MUTU002', TO_DATE('02-08-2021', 'DD-MM-YYYY'), 150000);

INSERT INTO GIAMH VALUES ('KHCV001', TO_DATE('02-08-2021', 'DD-MM-YYYY'), 220000);
INSERT INTO GIAMH VALUES ('KHCV002', TO_DATE('02-08-2021', 'DD-MM-YYYY'), 180000);
INSERT INTO GIAMH VALUES ('KHDN001', TO_DATE('02-08-2021', 'DD-MM-YYYY'), 400000);
INSERT INTO GIAMH VALUES ('KHDL001', TO_DATE('02-08-2021', 'DD-MM-YYYY'), 600000);

INSERT INTO GIAMH VALUES ('MAMH001', TO_DATE('02-08-2021', 'DD-MM-YYYY'), 25000);
INSERT INTO GIAMH VALUES ('MAMH002', TO_DATE('02-08-2021', 'DD-MM-YYYY'), 18000);
--<NGAY 03/08/2021>--
INSERT INTO GIAMH VALUES ('TOXU001', TO_DATE('03-08-2021', 'DD-MM-YYYY'), 400000);
INSERT INTO GIAMH VALUES ('TOXU002', TO_DATE('03-08-2021', 'DD-MM-YYYY'), 320000);
INSERT INTO GIAMH VALUES ('TOCA001', TO_DATE('03-08-2021', 'DD-MM-YYYY'), 530000);
INSERT INTO GIAMH VALUES ('TOCA002', TO_DATE('03-08-2021', 'DD-MM-YYYY'), 430000);
INSERT INTO GIAMH VALUES ('CATR001', TO_DATE('03-08-2021', 'DD-MM-YYYY'), 23000);
INSERT INTO GIAMH VALUES ('ROPH001', TO_DATE('03-08-2021', 'DD-MM-YYYY'), 32000);
INSERT INTO GIAMH VALUES ('CALO001', TO_DATE('03-08-2021', 'DD-MM-YYYY'), 34000);
INSERT INTO GIAMH VALUES ('LUON001', TO_DATE('03-08-2021', 'DD-MM-YYYY'), 150000);
INSERT INTO GIAMH VALUES ('LUON002', TO_DATE('03-08-2021', 'DD-MM-YYYY'), 130000);
INSERT INTO GIAMH VALUES ('ECHN001', TO_DATE('03-08-2021', 'DD-MM-YYYY'), 30000);
INSERT INTO GIAMH VALUES ('CADI001', TO_DATE('03-08-2021', 'DD-MM-YYYY'), 33000);
INSERT INTO GIAMH VALUES ('CATH001', TO_DATE('03-08-2021', 'DD-MM-YYYY'), 120000);
INSERT INTO GIAMH VALUES ('CUGA001', TO_DATE('03-08-2021', 'DD-MM-YYYY'), 300000);
INSERT INTO GIAMH VALUES ('MUTU001', TO_DATE('03-08-2021', 'DD-MM-YYYY'), 120000);
INSERT INTO GIAMH VALUES ('MUTU002', TO_DATE('03-08-2021', 'DD-MM-YYYY'), 150000);

INSERT INTO GIAMH VALUES ('KHCV001', TO_DATE('03-08-2021', 'DD-MM-YYYY'), 220000);
INSERT INTO GIAMH VALUES ('KHCV002', TO_DATE('03-08-2021', 'DD-MM-YYYY'), 180000);
INSERT INTO GIAMH VALUES ('KHDN001', TO_DATE('03-08-2021', 'DD-MM-YYYY'), 400000);
INSERT INTO GIAMH VALUES ('KHDL001', TO_DATE('03-08-2021', 'DD-MM-YYYY'), 600000);

INSERT INTO GIAMH VALUES ('MAMH001', TO_DATE('03-08-2021', 'DD-MM-YYYY'), 25000);
INSERT INTO GIAMH VALUES ('MAMH002', TO_DATE('03-08-2021', 'DD-MM-YYYY'), 18000);

-- KHACH HANG: CUA HANG, SIEU THI, NHA HANG, QUAN AN --
--<HO CHI MINH>--
INSERT INTO KHACHHANG VALUES('DL1', 'VỰA THỦY SẢN A', '111222333', '171 NGUYỄN VĂN LINH, BÌNH CHÁNH', '0123456789', 'NO', 'HCM');
INSERT INTO KHACHHANG VALUES('DL2', 'VỰA THỦY SẢN B', '222333444', '432 NAM KỲ KHỞI NGHĨA, QUẬN 1', '1234567890', 'NO', 'HCM');
INSERT INTO KHACHHANG VALUES('KS1', 'VỰA THỦY SẢN C', '333444555', '50 VẠN HẠNH, QUẬN 10', '2345678901', 'YES', 'HCM');
INSERT INTO KHACHHANG VALUES('KS2', 'VỰA THỦY SẢN D', '444555666', '258 HƯNG KHÁNH, QUẬN 8', '3456789012', 'YES', 'HCM');
INSERT INTO KHACHHANG VALUES('DL3', 'SIÊU THỊ A', '555666777', '121 NGUYỄN VĂN LINH, BÌNH CHÁNH', '4567890123', 'NO', 'HCM');
INSERT INTO KHACHHANG VALUES('DL4', 'SIÊU THỊ B', '666777888', '332 NAM KỲ KHỞI NGHĨA, QUẬN 1', '5678901234', 'NO', 'HCM');
INSERT INTO KHACHHANG VALUES('DL5', 'SIÊU THỊ C', '777888999', '150 VẠN HẠNH, QUẬN 10', '6789012345', 'NO', 'HCM');
INSERT INTO KHACHHANG VALUES('DL6', 'SIÊU THỊ D', '888999111', '12 HƯNG KHÁNH, QUẬN 8', '7890123456', 'NO', 'HCM');
INSERT INTO KHACHHANG VALUES('KS3', 'NHÀ HÀNG A', '123111222', '1 BẮC HẢI, QUẬN 10', '8901234567', 'YES', 'HCM');
INSERT INTO KHACHHANG VALUES('KS4', 'NHÀ HÀNG B', '123222333', '100 KHÁNH HỘI, QUẬN 4', '9012345678', 'YES', 'HCM');
INSERT INTO KHACHHANG VALUES('KS5', 'QUÁN ĂN A', '123333444', '23 ĐỒNG KHÁNH, QUẬN 8', '0123456788', 'YES', 'HCM');
--<SONG CUU LONG>--
INSERT INTO KHACHHANG VALUES('DL7', 'VỰA THỦY SẢN E', '456789111', '171 VÕ VĂN KIỆT, TIỀN GIANG', '1234560001', 'NO', 'SCL');
INSERT INTO KHACHHANG VALUES('DL8', 'VỰA THỦY SẢN F', '456789222', '2 NAM KỲ KHỞI NGHĨA, TP VĨNH LONG', '1234560002', 'NO', 'SCL');
INSERT INTO KHACHHANG VALUES('DL9', 'SIÊU THỊ E', '456789333', '15 VẠN HẠNH, TRÀ VINH', '1234560003', 'NO', 'SCL');
INSERT INTO KHACHHANG VALUES('DL10', 'SIÊU THỊ F', '456789444', '10 QUỐC LỘ 1, BẾN TRE', '1234560004', 'NO', 'SCL');
INSERT INTO KHACHHANG VALUES('KS6', 'NHÀ HÀNG C', '456789555', '32 CÁI NHUM, VĨNH LONG', '1234560005', 'YES', 'SCL');
INSERT INTO KHACHHANG VALUES('KS7', 'NHÀ HÀNG D', '456789666', '1 CẦU GỖ, TRÀ VINH ', '1234560006', 'YES', 'SCL');
--<DONG NAI>--
INSERT INTO KHACHHANG VALUES('DL11', 'VỰA THỦY SẢN G', '456789777', '71 GÒ ĐÔNG, ĐỒNG NAI', '1234560007', 'NO', 'DNA');
INSERT INTO KHACHHANG VALUES('KS8', 'NHÀ HÀNG E', '456789888', '20 THỊNH PHÁT, ĐỒNG NAI', '1234560008', 'YES', 'DNA');

-- DIEN THOAI KHACH HANG --
INSERT INTO DIENTHOAIKH VALUES('DL1','0901230001');
INSERT INTO DIENTHOAIKH VALUES('DL2','0901230002');
INSERT INTO DIENTHOAIKH VALUES('DL3','0901230003');
INSERT INTO DIENTHOAIKH VALUES('DL4','0901230004');
INSERT INTO DIENTHOAIKH VALUES('DL5','0901230005');
INSERT INTO DIENTHOAIKH VALUES('DL6','0901230006');
INSERT INTO DIENTHOAIKH VALUES('DL7','0901230007');
INSERT INTO DIENTHOAIKH VALUES('DL8','0901230008');
INSERT INTO DIENTHOAIKH VALUES('DL9','0901230009');
INSERT INTO DIENTHOAIKH VALUES('DL10','0901230010');
INSERT INTO DIENTHOAIKH VALUES('DL11','0901230011');
INSERT INTO DIENTHOAIKH VALUES('KS1','0361230001');
INSERT INTO DIENTHOAIKH VALUES('KS2','0361230002');
INSERT INTO DIENTHOAIKH VALUES('KS3','0361230003');
INSERT INTO DIENTHOAIKH VALUES('KS4','0361230004');
INSERT INTO DIENTHOAIKH VALUES('KS5','0361230005');
INSERT INTO DIENTHOAIKH VALUES('KS6','0361230006');
INSERT INTO DIENTHOAIKH VALUES('KS7','0361230007');
INSERT INTO DIENTHOAIKH VALUES('KS8','0361230008');

-- KHACH HANG SI CONG NO --
INSERT INTO KHACHHANGSI VALUES('KS1',100000000,0);
INSERT INTO KHACHHANGSI VALUES('KS2',100000000,20000000);
INSERT INTO KHACHHANGSI VALUES('KS3',50000000,0);
INSERT INTO KHACHHANGSI VALUES('KS4',50000000,10000000);
INSERT INTO KHACHHANGSI VALUES('KS5',20000000,0);
INSERT INTO KHACHHANGSI VALUES('KS6',50000000,0);
INSERT INTO KHACHHANGSI VALUES('KS7',50000000,0);
INSERT INTO KHACHHANGSI VALUES('KS8',50000000,0);

-- DON DAT HANG --
--<NGAY 02/08/2021>--
INSERT INTO DONDATHANG(NGAYDH, MSKH) VALUES(TO_DATE('02-08-2021','DD-MM-YYYY'), 'DL1');
INSERT INTO DONDATHANG(NGAYDH, MSKH) VALUES(TO_DATE('02-08-2021','DD-MM-YYYY'), 'DL3');
INSERT INTO DONDATHANG(NGAYDH, MSKH) VALUES(TO_DATE('02-08-2021','DD-MM-YYYY'), 'DL5');
INSERT INTO DONDATHANG(NGAYDH, MSKH) VALUES(TO_DATE('02-08-2021','DD-MM-YYYY'), 'DL7');
INSERT INTO DONDATHANG(NGAYDH, MSKH) VALUES(TO_DATE('02-08-2021','DD-MM-YYYY'), 'DL9');
INSERT INTO DONDATHANG(NGAYDH, MSKH) VALUES(TO_DATE('02-08-2021','DD-MM-YYYY'), 'DL11');
INSERT INTO DONDATHANG(NGAYDH, MSKH) VALUES(TO_DATE('02-08-2021','DD-MM-YYYY'), 'KS1');
INSERT INTO DONDATHANG(NGAYDH, MSKH) VALUES(TO_DATE('02-08-2021','DD-MM-YYYY'), 'KS3');
INSERT INTO DONDATHANG(NGAYDH, MSKH) VALUES(TO_DATE('02-08-2021','DD-MM-YYYY'), 'KS5');
INSERT INTO DONDATHANG(NGAYDH, MSKH) VALUES(TO_DATE('02-08-2021','DD-MM-YYYY'), 'KS7');
--<NGAY 03/08/2021>--
INSERT INTO DONDATHANG(NGAYDH, MSKH) VALUES(TO_DATE('03-08-2021','DD-MM-YYYY'), 'DL2');
INSERT INTO DONDATHANG(NGAYDH, MSKH) VALUES(TO_DATE('03-08-2021','DD-MM-YYYY'), 'DL4');
INSERT INTO DONDATHANG(NGAYDH, MSKH) VALUES(TO_DATE('03-08-2021','DD-MM-YYYY'), 'KS2');
INSERT INTO DONDATHANG(NGAYDH, MSKH) VALUES(TO_DATE('03-08-2021','DD-MM-YYYY'), 'KS4');

-- CHITIETDONDATHANG --
--<NGAY 02/08/2021>--
INSERT INTO CHITIETDONDATHANG VALUES('210802/0001', 'TOXU001', 100,0);
INSERT INTO CHITIETDONDATHANG VALUES('210802/0001', 'TOXU002', 100,0);
INSERT INTO CHITIETDONDATHANG VALUES('210802/0002', 'TOXU002', 100,0);
INSERT INTO CHITIETDONDATHANG VALUES('210802/0002', 'TOCA001', 100,0);
INSERT INTO CHITIETDONDATHANG VALUES('210802/0003', 'TOCA001', 100,0);
INSERT INTO CHITIETDONDATHANG VALUES('210802/0003', 'TOCA002', 100,0);
INSERT INTO CHITIETDONDATHANG VALUES('210802/0004', 'TOCA002', 100,0);
INSERT INTO CHITIETDONDATHANG VALUES('210802/0004', 'CATR001', 100,0);
INSERT INTO CHITIETDONDATHANG VALUES('210802/0005', 'CATR001', 100,0);
INSERT INTO CHITIETDONDATHANG VALUES('210802/0005', 'ROPH001', 100,0);
INSERT INTO CHITIETDONDATHANG VALUES('210802/0006', 'ROPH001', 100,0);
INSERT INTO CHITIETDONDATHANG VALUES('210802/0006', 'CALO001', 100,0);
INSERT INTO CHITIETDONDATHANG VALUES('210802/0007', 'CALO001', 100,0);
INSERT INTO CHITIETDONDATHANG VALUES('210802/0007', 'LUON001', 100,0);
INSERT INTO CHITIETDONDATHANG VALUES('210802/0008', 'LUON001', 100,0);
INSERT INTO CHITIETDONDATHANG VALUES('210802/0008', 'LUON002', 100,0);
INSERT INTO CHITIETDONDATHANG VALUES('210802/0009', 'LUON002', 100,0);
INSERT INTO CHITIETDONDATHANG VALUES('210802/0009', 'ECHN001', 100,0);
INSERT INTO CHITIETDONDATHANG VALUES('210802/0010', 'ECHN001', 100,0);
INSERT INTO CHITIETDONDATHANG VALUES('210802/0010', 'CADI001', 100,0);
--<NGAY 03/08/2021>--
INSERT INTO CHITIETDONDATHANG VALUES('210803/0011', 'CATH001', 100,0);
INSERT INTO CHITIETDONDATHANG VALUES('210803/0011', 'CUGA001', 100,0);
INSERT INTO CHITIETDONDATHANG VALUES('210803/0011', 'MAMH001', 100,0);
INSERT INTO CHITIETDONDATHANG VALUES('210803/0012', 'MUTU001', 100,0);
INSERT INTO CHITIETDONDATHANG VALUES('210803/0012', 'KHCV001', 100,0);
INSERT INTO CHITIETDONDATHANG VALUES('210803/0012', 'KHDN001', 100,0);
INSERT INTO CHITIETDONDATHANG VALUES('210803/0013', 'MUTU002', 100,0);
INSERT INTO CHITIETDONDATHANG VALUES('210803/0013', 'KHCV002', 100,0);
INSERT INTO CHITIETDONDATHANG VALUES('210803/0013', 'KHDL001', 100,0);
INSERT INTO CHITIETDONDATHANG VALUES('210803/0014', 'MAMH001', 100,0);
INSERT INTO CHITIETDONDATHANG VALUES('210803/0014', 'MAMH002', 100,0);

-- PHIEU GIAO --
--<NGAY 03/08/2021>--
INSERT INTO PHIEUGIAO(NGAYGIAO, MSDH) VALUES (TO_DATE('03-08-2021','DD-MM-YYYY'), '210802/0001');
INSERT INTO PHIEUGIAO(NGAYGIAO, MSDH) VALUES (TO_DATE('03-08-2021','DD-MM-YYYY'), '210802/0002');
INSERT INTO PHIEUGIAO(NGAYGIAO, MSDH) VALUES (TO_DATE('03-08-2021','DD-MM-YYYY'), '210802/0003');
INSERT INTO PHIEUGIAO(NGAYGIAO, MSDH) VALUES (TO_DATE('03-08-2021','DD-MM-YYYY'), '210802/0004');
INSERT INTO PHIEUGIAO(NGAYGIAO, MSDH) VALUES (TO_DATE('03-08-2021','DD-MM-YYYY'), '210802/0005');
INSERT INTO PHIEUGIAO(NGAYGIAO, MSDH) VALUES (TO_DATE('03-08-2021','DD-MM-YYYY'), '210802/0006');
INSERT INTO PHIEUGIAO(NGAYGIAO, MSDH) VALUES (TO_DATE('03-08-2021','DD-MM-YYYY'), '210802/0007');
INSERT INTO PHIEUGIAO(NGAYGIAO, MSDH) VALUES (TO_DATE('03-08-2021','DD-MM-YYYY'), '210802/0008');
INSERT INTO PHIEUGIAO(NGAYGIAO, MSDH) VALUES (TO_DATE('03-08-2021','DD-MM-YYYY'), '210802/0009');
INSERT INTO PHIEUGIAO(NGAYGIAO, MSDH) VALUES (TO_DATE('03-08-2021','DD-MM-YYYY'), '210802/0010');

-- CHITIETPHIEUGIAO --
INSERT INTO CHITIETPHIEUGIAO VALUES ('210803/0001', 'TOXU001', 100, 0);
INSERT INTO CHITIETPHIEUGIAO VALUES ('210803/0001', 'TOXU002', 100, 0);
INSERT INTO CHITIETPHIEUGIAO VALUES ('210803/0002', 'TOXU002', 100, 0);
INSERT INTO CHITIETPHIEUGIAO VALUES ('210803/0002', 'TOCA001', 100, 0);
INSERT INTO CHITIETPHIEUGIAO VALUES ('210803/0003', 'TOCA001', 100, 0);
INSERT INTO CHITIETPHIEUGIAO VALUES ('210803/0003', 'TOCA002', 100, 0);
INSERT INTO CHITIETPHIEUGIAO VALUES ('210803/0004', 'TOCA002', 100, 0);
INSERT INTO CHITIETPHIEUGIAO VALUES ('210803/0004', 'CATR001', 100, 0);
INSERT INTO CHITIETPHIEUGIAO VALUES ('210803/0005', 'CATR001', 100, 0);
INSERT INTO CHITIETPHIEUGIAO VALUES ('210803/0005', 'ROPH001', 100, 0);
INSERT INTO CHITIETPHIEUGIAO VALUES ('210803/0006', 'ROPH001', 100, 0);
INSERT INTO CHITIETPHIEUGIAO VALUES ('210803/0006', 'CALO001', 100, 0);
INSERT INTO CHITIETPHIEUGIAO VALUES ('210803/0007', 'CALO001', 100, 0);
INSERT INTO CHITIETPHIEUGIAO VALUES ('210803/0007', 'LUON001', 100, 0);
INSERT INTO CHITIETPHIEUGIAO VALUES ('210803/0008', 'LUON001', 100, 0);
INSERT INTO CHITIETPHIEUGIAO VALUES ('210803/0008', 'LUON002', 100, 0);
INSERT INTO CHITIETPHIEUGIAO VALUES ('210803/0009', 'LUON002', 100, 0);
INSERT INTO CHITIETPHIEUGIAO VALUES ('210803/0009', 'ECHN001', 100, 0);
INSERT INTO CHITIETPHIEUGIAO VALUES ('210803/0010', 'ECHN001', 100, 0);
INSERT INTO CHITIETPHIEUGIAO VALUES ('210803/0010', 'CADI001', 100, 0);

COMMIT;